distname,fid_hex,area_sqkm
Chandauli,"1","10"
Sonbhadra,"1","435"
Sonbhadra,"2","447"
Sonbhadra,"3","448"
Sonbhadra,"4","260"
Sant Kabir Nagar,"5","47"
Gorakhpur,"5","227"
Mahrajganj,"5","154"
Sant Kabir Nagar,"6","55"
Gorakhpur,"6","374"
Baghpat,"7","226"
Ghaziabad,"8","101"
Baghpat,"8","9"
Sant Kabir Nagar,"9","4"
Gorakhpur,"9","427"
Gautam Buddha Nagar,"10","16"
Sant Kabir Nagar,"11","16"
Gorakhpur,"11","369"
Azamgarh,"11","46"
Gorakhpur,"12","0"
Azamgarh,"12","433"
Azamgarh,"13","432"
Mau,"13","3"
Azamgarh,"14","388"
Ghazipur,"14","33"
Mau,"14","16"
Mathura,"15","21"
Azamgarh,"16","60"
Ghazipur,"16","378"
Mathura,"17","0"
Saharanpur,"18","4"
Saharanpur,"19","193"
Saharanpur,"20","253"
Samli,"20","93"
Samli,"21","393"
Siddharthnagar,"22","100"
Samli,"23","281"
Baghpat,"23","70"
Siddharthnagar,"24","163"
Mahrajganj,"24","255"
Baghpat,"25","345"
Deoria,"26","137"
Mau,"26","121"
Ballia,"26","176"
Mathura,"27","182"
Aligarh,"27","239"
Mau,"28","88"
Ballia,"28","348"
Mathura,"29","292"
Aligarh,"29","131"
Ghazipur,"30","326"
Ballia,"30","111"
Mathura,"31","422"
Mahamaya Nagar,"31","3"
Ghazipur,"32","374"
Ballia,"32","2"
Agra,"33","220"
Mathura,"33","207"
Ghazipur,"34","35"
Agra,"35","411"
Agra,"36","85"
Muzaffarnagar,"37","409"
Muzaffarnagar,"38","269"
Meerut,"38","141"
Mahrajganj,"39","207"
Kushinagar,"39","22"
Mahrajganj,"40","152"
Kushinagar,"40","275"
Meerut,"41","412"
Ghaziabad,"42","25"
Hapur,"42","91"
Meerut,"42","298"
Mahrajganj,"43","18"
Kushinagar,"43","411"
Hapur,"44","296"
Meerut,"44","0"
Bulandshahr,"44","119"
Kushinagar,"45","306"
Deoria,"45","124"
Deoria,"46","428"
Bulandshahr,"47","417"
Deoria,"48","433"
Aligarh,"49","5"
Bulandshahr,"49","413"
Aligarh,"50","386"
Bulandshahr,"50","34"
Saharanpur,"51","375"
Saharanpur,"52","160"
Saharanpur,"53","112"
Muzaffarnagar,"54","247"
Saharanpur,"54","120"
Ghazipur,"55","277"
Mau,"55","154"
Ballia,"55","6"
Mathura,"56","422"
Ghazipur,"57","438"
Mathura,"58","424"
Ghazipur,"59","419"
Mathura,"60","313"
Chandauli,"61","0"
Ghazipur,"61","18"
Agra,"62","191"
Mathura,"62","5"
Agra,"63","211"
Agra,"64","44"
Sonbhadra,"65","12"
Mahrajganj,"66","210"
Muzaffarnagar,"67","396"
Meerut,"67","14"
Mahrajganj,"68","426"
Muzaffarnagar,"69","10"
Meerut,"69","402"
Baghpat,"69","0"
Mahrajganj,"70","422"
Kushinagar,"70","6"
Ghaziabad,"71","73"
Meerut,"71","340"
Gorakhpur,"72","54"
Mahrajganj,"72","34"
Kushinagar,"72","341"
Ghaziabad,"73","309"
Hapur,"73","95"
Meerut,"73","11"
Gorakhpur,"74","197"
Kushinagar,"74","83"
Deoria,"74","151"
Ghaziabad,"75","5"
Hapur,"75","92"
Gautam Buddha Nagar,"75","285"
Bulandshahr,"75","34"
Gorakhpur,"76","42"
Deoria,"76","390"
Gautam Buddha Nagar,"77","261"
Bulandshahr,"77","149"
Gorakhpur,"78","115"
Deoria,"78","109"
Mau,"78","209"
Gautam Buddha Nagar,"79","267"
Aligarh,"79","71"
Bulandshahr,"79","49"
Mau,"80","377"
Ballia,"80","58"
Mathura,"81","168"
Aligarh,"81","213"
Saharanpur,"82","276"
Saharanpur,"83","404"
Saharanpur,"84","405"
Muzaffarnagar,"85","2"
Saharanpur,"85","405"
Muzaffarnagar,"86","383"
Saharanpur,"86","26"
Sonbhadra,"87","42"
Kushinagar,"88","65"
Deoria,"89","91"
Bulandshahr,"90","418"
Deoria,"91","1"
Aligarh,"92","286"
Bulandshahr,"92","134"
Mahamaya Nagar,"93","16"
Aligarh,"93","405"
Ballia,"94","317"
Mahamaya Nagar,"95","387"
Aligarh,"95","36"
Ballia,"96","361"
Agra,"97","58"
Etah,"97","132"
Mahamaya Nagar,"97","235"
Firozabad,"98","118"
Agra,"98","308"
Firozabad,"99","48"
Agra,"99","379"
Agra,"100","86"
Bijnor,"101","6"
Bijnor,"102","325"
Bijnor,"103","409"
Muzaffarnagar,"104","22"
Meerut,"104","60"
Bijnor,"104","329"
Jyotiba Phule Nagar,"105","242"
Meerut,"105","30"
Bijnor,"105","139"
Jyotiba Phule Nagar,"106","367"
Hapur,"106","41"
Meerut,"106","6"
Kushinagar,"107","7"
Jyotiba Phule Nagar,"108","194"
Hapur,"108","87"
Bulandshahr,"108","134"
Kushinagar,"109","339"
Jyotiba Phule Nagar,"110","48"
Bulandshahr,"110","369"
Sambhal,"110","0"
Deoria,"111","351"
Deoria,"112","40"
Ballia,"112","352"
Aligarh,"113","52"
Bulandshahr,"113","367"
Ballia,"114","437"
Aligarh,"115","421"
Mahamaya Nagar,"116","103"
Aligarh,"116","319"
Ghazipur,"117","44"
Ballia,"117","232"
Mathura,"118","30"
Mahamaya Nagar,"118","337"
Aligarh,"118","57"
Agra,"119","117"
Mathura,"119","56"
Mahamaya Nagar,"119","253"
Agra,"120","422"
Mathura,"120","4"
Agra,"121","355"
Muzaffarnagar,"122","60"
Muzaffarnagar,"123","225"
Bijnor,"123","136"
Muzaffarnagar,"124","367"
Meerut,"124","17"
Bijnor,"124","27"
Mahrajganj,"125","5"
Kushinagar,"125","51"
Muzaffarnagar,"126","5"
Meerut,"126","405"
Bijnor,"126","2"
Kushinagar,"127","195"
Jyotiba Phule Nagar,"128","29"
Hapur,"128","18"
Meerut,"128","366"
Kushinagar,"129","383"
Hapur,"130","345"
Meerut,"130","0"
Bulandshahr,"130","69"
Kushinagar,"131","309"
Deoria,"131","94"
Kushinagar,"132","1"
Deoria,"132","171"
Bulandshahr,"133","416"
Bulandshahr,"134","418"
Saharanpur,"135","14"
Saharanpur,"136","1"
Firozabad,"137","420"
Agra,"137","8"
Firozabad,"138","39"
Agra,"138","375"
Agra,"139","2"
Jhansi,"140","33"
Moradabad,"141","25"
Sambhal,"141","390"
Sambhal,"142","417"
Sambhal,"143","332"
Budaun,"143","86"
Kanshiram Nagar,"144","62"
Aligarh,"144","108"
Sambhal,"144","128"
Budaun,"144","122"
Kanshiram Nagar,"145","312"
Etah,"145","16"
Mahamaya Nagar,"145","1"
Aligarh,"145","92"
Ballia,"146","2"
Kanshiram Nagar,"147","8"
Etah,"147","358"
Mahamaya Nagar,"147","57"
Ballia,"148","161"
Firozabad,"149","215"
Etah,"149","210"
Firozabad,"150","426"
Bijnor,"151","0"
Bijnor,"152","173"
Bijnor,"153","409"
Moradabad,"154","9"
Bijnor,"154","401"
Jyotiba Phule Nagar,"155","101"
Moradabad,"155","223"
Bijnor,"155","89"
Jyotiba Phule Nagar,"156","249"
Moradabad,"156","59"
Sambhal,"156","106"
Jhansi,"157","309"
Jhansi,"158","80"
Lalitpur,"158","128"
Lalitpur,"159","407"
Lalitpur,"160","445"
Lalitpur,"161","446"
Lalitpur,"162","189"
Firozabad,"163","25"
Agra,"163","397"
Agra,"164","37"
Jhansi,"165","86"
Kushinagar,"166","91"
Jyotiba Phule Nagar,"167","299"
Sambhal,"167","117"
Jyotiba Phule Nagar,"168","7"
Bulandshahr,"168","44"
Sambhal,"168","367"
Aligarh,"169","60"
Bulandshahr,"169","205"
Sambhal,"169","153"
Ballia,"170","2"
Ballia,"171","377"
Aligarh,"172","421"
Kanshiram Nagar,"173","10"
Mahamaya Nagar,"173","218"
Aligarh,"173","194"
Ballia,"174","68"
Etah,"175","266"
Mahamaya Nagar,"175","158"
Firozabad,"176","187"
Agra,"176","20"
Etah,"176","218"
Firozabad,"177","396"
Agra,"177","31"
Bijnor,"178","302"
Bijnor,"179","408"
Bijnor,"180","410"
Jyotiba Phule Nagar,"181","5"
Bijnor,"181","406"
Jyotiba Phule Nagar,"182","411"
Bijnor,"182","3"
Jyotiba Phule Nagar,"183","327"
Sambhal,"183","88"
Lalitpur,"184","165"
Lalitpur,"185","49"
Lalitpur,"186","29"
Allahabad,"187","181"
Pratapgarh,"187","257"
Allahabad,"188","439"
Allahabad,"189","440"
Allahabad,"190","442"
Allahabad,"191","185"
Gonda,"192","182"
Bahraich,"192","243"
Gonda,"193","427"
Gonda,"194","428"
Gonda,"195","68"
Faizabad,"195","361"
Sultanpur,"196","21"
Faizabad,"196","304"
Amethi,"196","106"
Sultanpur,"197","206"
Amethi,"197","227"
Sultanpur,"198","20"
Pratapgarh,"198","16"
Amethi,"198","399"
Pratapgarh,"199","430"
Amethi,"199","5"
Shrawasti,"200","65"
Shrawasti,"201","422"
Bahraich,"202","132"
Shrawasti,"202","292"
Allahabad,"203","265"
Kaushambi,"203","174"
Chitrakoot,"204","0"
Allahabad,"204","438"
Allahabad,"205","187"
Gonda,"206","385"
Bahraich,"206","3"
Bara Banki,"206","40"
Gonda,"207","40"
Bara Banki,"207","211"
Faizabad,"207","178"
Bara Banki,"208","6"
Faizabad,"208","346"
Amethi,"208","79"
Faizabad,"209","18"
Amethi,"209","414"
Pratapgarh,"210","5"
Rae Bareli,"210","16"
Amethi,"210","413"
Pratapgarh,"211","329"
Amethi,"211","106"
Pratapgarh,"212","437"
Allahabad,"213","206"
Kaushambi,"213","20"
Pratapgarh,"213","213"
Bahraich,"214","60"
Bahraich,"215","154"
Shrawasti,"215","267"
Bahraich,"216","190"
Shrawasti,"216","233"
Bahraich,"217","420"
Shrawasti,"217","4"
Gonda,"218","208"
Bahraich,"218","218"
Mirzapur,"219","9"
Sultanpur,"220","434"
Pratapgarh,"220","1"
Sultanpur,"221","24"
Jaunpur,"221","53"
Pratapgarh,"221","359"
Jaunpur,"222","392"
Pratapgarh,"222","46"
Sant Ravidas Nagar (Bhadohi),"223","41"
Jaunpur,"223","188"
Allahabad,"223","209"
Sant Ravidas Nagar (Bhadohi),"224","140"
Allahabad,"224","280"
Mirzapur,"224","20"
Sant Ravidas Nagar (Bhadohi),"225","47"
Allahabad,"225","225"
Mirzapur,"225","170"
Allahabad,"226","131"
Mirzapur,"226","312"
Mirzapur,"227","300"
Shrawasti,"228","11"
Balrampur,"228","289"
Balrampur,"229","424"
Gonda,"230","58"
Balrampur,"230","367"
Gonda,"231","229"
Balrampur,"231","198"
Gonda,"232","304"
Basti,"232","125"
Gonda,"233","21"
Basti,"233","201"
Faizabad,"233","209"
Faizabad,"234","352"
Ambedkar Nagar,"234","79"
Sultanpur,"235","326"
Faizabad,"235","32"
Ambedkar Nagar,"235","76"
Jaunpur,"236","2"
Pratapgarh,"236","435"
Jaunpur,"237","50"
Allahabad,"237","279"
Pratapgarh,"237","109"
Allahabad,"238","439"
Sant Ravidas Nagar (Bhadohi),"239","0"
Allahabad,"239","441"
Allahabad,"240","442"
Allahabad,"241","177"
Mirzapur,"241","86"
Gonda,"242","80"
Bahraich,"242","21"
Shrawasti,"242","103"
Balrampur,"242","220"
Gonda,"243","426"
Balrampur,"243","0"
Gonda,"244","428"
Gonda,"245","326"
Faizabad,"245","103"
Faizabad,"246","431"
Sultanpur,"247","250"
Faizabad,"247","182"
Sultanpur,"248","427"
Amethi,"248","6"
Sultanpur,"249","121"
Pratapgarh,"249","245"
Amethi,"249","69"
Shrawasti,"250","317"
Balrampur,"250","0"
Shrawasti,"251","232"
Balrampur,"251","191"
Mirzapur,"252","443"
Mirzapur,"253","48"
Sonbhadra,"253","327"
Sonbhadra,"254","37"
Sonbhadra,"255","19"
Sonbhadra,"256","83"
Basti,"257","135"
Ambedkar Nagar,"257","297"
Sultanpur,"258","3"
Azamgarh,"258","5"
Ambedkar Nagar,"258","425"
Sultanpur,"259","115"
Jaunpur,"259","165"
Azamgarh,"259","154"
Ambedkar Nagar,"259","1"
Jaunpur,"260","396"
Azamgarh,"260","40"
Jaunpur,"261","437"
Sant Ravidas Nagar (Bhadohi),"262","1"
Varanasi,"262","38"
Jaunpur,"262","399"
Sant Ravidas Nagar (Bhadohi),"263","242"
Varanasi,"263","138"
Jaunpur,"263","42"
Mirzapur,"263","18"
Sant Ravidas Nagar (Bhadohi),"264","5"
Mirzapur,"264","437"
Balrampur,"265","82"
Siddharthnagar,"266","6"
Balrampur,"266","382"
Siddharthnagar,"267","355"
Balrampur,"267","71"
Siddharthnagar,"268","328"
Basti,"268","99"
Gonda,"269","18"
Basti,"269","410"
Basti,"270","430"
Mirzapur,"271","151"
Sonbhadra,"271","19"
Sultanpur,"272","330"
Ambedkar Nagar,"272","104"
Sultanpur,"273","183"
Jaunpur,"273","222"
Pratapgarh,"273","30"
Jaunpur,"274","434"
Pratapgarh,"274","3"
Jaunpur,"275","438"
Sant Ravidas Nagar (Bhadohi),"276","309"
Jaunpur,"276","129"
Allahabad,"276","1"
Sant Ravidas Nagar (Bhadohi),"277","221"
Mirzapur,"277","220"
Mirzapur,"278","442"
Mirzapur,"279","433"
Sonbhadra,"279","10"
Balrampur,"280","308"
Siddharthnagar,"281","6"
Balrampur,"281","419"
Siddharthnagar,"282","215"
Gonda,"282","2"
Balrampur,"282","210"
Siddharthnagar,"283","20"
Gonda,"283","331"
Basti,"283","13"
Balrampur,"283","64"
Gonda,"284","37"
Basti,"284","392"
Basti,"285","238"
Faizabad,"285","114"
Ambedkar Nagar,"285","78"
Sultanpur,"286","0"
Faizabad,"286","2"
Ambedkar Nagar,"286","430"
Varanasi,"287","345"
Chandauli,"287","95"
Mirzapur,"287","0"
Varanasi,"288","20"
Chandauli,"288","61"
Mirzapur,"288","361"
Chandauli,"289","161"
Mirzapur,"289","192"
Sonbhadra,"289","90"
Chandauli,"290","36"
Sonbhadra,"290","408"
Sonbhadra,"291","446"
Sonbhadra,"292","447"
Sonbhadra,"293","449"
Sonbhadra,"294","308"
Sant Kabir Nagar,"295","428"
Gorakhpur,"295","0"
Sant Kabir Nagar,"296","360"
Basti,"296","2"
Gorakhpur,"296","68"
Sant Kabir Nagar,"297","374"
Gorakhpur,"297","37"
Ambedkar Nagar,"297","21"
Sant Kabir Nagar,"298","21"
Gorakhpur,"298","33"
Azamgarh,"298","182"
Ambedkar Nagar,"298","197"
Azamgarh,"299","434"
Azamgarh,"300","436"
Jaunpur,"301","56"
Azamgarh,"301","377"
Ghazipur,"301","4"
Varanasi,"302","188"
Jaunpur,"302","132"
Ghazipur,"302","119"
Siddharthnagar,"303","1"
Siddharthnagar,"304","423"
Siddharthnagar,"305","350"
Sant Kabir Nagar,"305","57"
Gorakhpur,"305","8"
Mahrajganj,"305","12"
Mirzapur,"306","442"
Mirzapur,"307","204"
Sonbhadra,"307","239"
Sonbhadra,"308","401"
Sonbhadra,"309","444"
Sonbhadra,"310","437"
Sonbhadra,"311","357"
Sonbhadra,"312","6"
Sant Kabir Nagar,"313","100"
Basti,"313","320"
Ambedkar Nagar,"313","10"
Sant Kabir Nagar,"314","15"
Azamgarh,"314","26"
Ambedkar Nagar,"314","390"
Azamgarh,"315","206"
Ambedkar Nagar,"315","227"
Azamgarh,"316","435"
Jaunpur,"317","86"
Azamgarh,"317","350"
Varanasi,"318","27"
Jaunpur,"318","410"
Azamgarh,"318","0"
Varanasi,"319","439"
Jaunpur,"319","0"
Varanasi,"320","293"
Mirzapur,"320","148"
Balrampur,"321","1"
Siddharthnagar,"322","309"
Balrampur,"322","9"
Siddharthnagar,"323","426"
Siddharthnagar,"324","216"
Sant Kabir Nagar,"324","52"
Basti,"324","160"
Sant Kabir Nagar,"325","215"
Basti,"325","214"
Kheri,"326","197"
Kheri,"327","415"
Pilibhit,"327","2"
Kheri,"328","418"
Kheri,"329","420"
Sitapur,"330","35"
Kheri,"330","387"
Sitapur,"331","423"
Kheri,"331","0"
Banda,"332","275"
Hamirpur,"332","163"
Banda,"333","391"
Hamirpur,"333","47"
Banda,"334","250"
Banda,"335","97"
Banda,"336","30"
Sitapur,"337","0"
Hardoi,"337","425"
Hardoi,"338","427"
Hardoi,"339","182"
Unnao,"339","246"
Unnao,"340","428"
Kanpur Nagar,"340","2"
Unnao,"341","239"
Kanpur Nagar,"341","192"
Kanpur Nagar,"342","433"
Fatehpur,"343","111"
Kanpur Nagar,"343","323"
Banda,"344","40"
Fatehpur,"344","297"
Kanpur Nagar,"344","27"
Hamirpur,"344","72"
Kheri,"345","7"
Pilibhit,"345","86"
Kheri,"346","107"
Pilibhit,"346","304"
Kheri,"347","176"
Shahjahanpur,"347","102"
Pilibhit,"347","140"
Kheri,"348","313"
Shahjahanpur,"348","107"
Kheri,"349","421"
Sitapur,"350","66"
Hardoi,"350","74"
Kheri,"350","283"
Sitapur,"351","199"
Hardoi,"351","225"
Mahoba,"352","213"
Banda,"352","118"
Hamirpur,"352","82"
Mahoba,"353","1"
Banda,"353","1"
Hardoi,"354","399"
Unnao,"354","29"
Hardoi,"355","4"
Unnao,"355","286"
Kanpur Nagar,"355","140"
Kanpur Dehat,"356","27"
Unnao,"356","48"
Kanpur Nagar,"356","355"
Kanpur Dehat,"357","264"
Kanpur Nagar,"357","168"
Kanpur Dehat,"358","124"
Kanpur Nagar,"358","309"
Fatehpur,"359","0"
Kanpur Nagar,"359","314"
Hamirpur,"359","121"
Kanpur Nagar,"360","1"
Hamirpur,"360","435"
Hamirpur,"361","438"
Kheri,"362","279"
Kheri,"363","418"
Kheri,"364","420"
Unnao,"365","173"
Fatehpur,"365","102"
Rae Bareli,"365","159"
Fatehpur,"366","436"
Banda,"367","82"
Fatehpur,"367","356"
Banda,"368","439"
Chitrakoot,"369","44"
Banda,"369","396"
Chitrakoot,"370","127"
Banda,"370","198"
Chitrakoot,"371","17"
Sitapur,"372","350"
Kheri,"372","72"
Sitapur,"373","424"
Sitapur,"374","425"
Hardoi,"374","0"
Sitapur,"375","77"
Lucknow,"375","48"
Hardoi,"375","302"
Lucknow,"376","414"
Unnao,"376","14"
Lucknow,"377","207"
Unnao,"377","223"
Unnao,"378","431"
Unnao,"379","431"
Rae Bareli,"379","2"
Kheri,"380","287"
Kheri,"381","418"
Kheri,"382","419"
Kheri,"383","421"
Banda,"384","173"
Fatehpur,"384","264"
Banda,"385","425"
Fatehpur,"385","13"
Banda,"386","439"
Banda,"387","437"
Banda,"388","192"
Sitapur,"389","410"
Hardoi,"389","15"
Sitapur,"390","111"
Hardoi,"390","315"
Lucknow,"391","32"
Hardoi,"391","336"
Unnao,"391","60"
Lucknow,"392","7"
Hardoi,"392","1"
Unnao,"392","421"
Unnao,"393","431"
Unnao,"394","389"
Kanpur Nagar,"394","43"
Unnao,"395","106"
Fatehpur,"395","86"
Kanpur Nagar,"395","241"
Fatehpur,"396","435"
Chitrakoot,"397","234"
Bara Banki,"398","8"
Lucknow,"398","206"
Unnao,"398","3"
Rae Bareli,"398","215"
Unnao,"399","33"
Rae Bareli,"399","400"
Rae Bareli,"400","434"
Fatehpur,"401","287"
Rae Bareli,"401","149"
Kaushambi,"402","2"
Fatehpur,"402","435"
Chitrakoot,"403","128"
Banda,"403","38"
Fatehpur,"403","273"
Chitrakoot,"404","412"
Kaushambi,"404","28"
Chitrakoot,"405","442"
Bahraich,"406","134"
Kheri,"406","285"
Bahraich,"407","1"
Kheri,"407","420"
Sitapur,"408","319"
Kheri,"408","104"
Sitapur,"409","424"
Sitapur,"410","414"
Bara Banki,"410","12"
Sitapur,"411","17"
Bara Banki,"411","389"
Lucknow,"411","21"
Bara Banki,"412","326"
Lucknow,"412","102"
Bara Banki,"413","59"
Lucknow,"413","371"
Bahraich,"414","217"
Kheri,"414","80"
Unnao,"415","101"
Rae Bareli,"415","333"
Fatehpur,"416","224"
Rae Bareli,"416","211"
Fatehpur,"417","437"
Banda,"418","270"
Fatehpur,"418","168"
Chitrakoot,"419","179"
Banda,"419","260"
Chitrakoot,"420","409"
Banda,"420","4"
Chitrakoot,"421","332"
Chitrakoot,"422","6"
Sitapur,"423","179"
Kheri,"423","242"
Sitapur,"424","423"
Sitapur,"425","425"
Sitapur,"426","379"
Bara Banki,"426","46"
Lucknow,"426","0"
Sitapur,"427","28"
Bara Banki,"427","32"
Lucknow,"427","365"
Hardoi,"427","2"
Lucknow,"428","429"
Lucknow,"429","328"
Unnao,"429","103"
Lucknow,"430","0"
Unnao,"430","402"
Rae Bareli,"430","30"
Chitrakoot,"431","52"
Allahabad,"431","22"
Kaushambi,"431","366"
Chitrakoot,"432","198"
Allahabad,"432","35"
Gonda,"433","6"
Bara Banki,"433","423"
Bara Banki,"434","393"
Faizabad,"434","37"
Amethi,"434","0"
Bara Banki,"435","174"
Faizabad,"435","2"
Amethi,"435","255"
Rae Bareli,"436","37"
Amethi,"436","396"
Pratapgarh,"437","36"
Rae Bareli,"437","322"
Amethi,"437","77"
Pratapgarh,"438","218"
Rae Bareli,"438","218"
Kaushambi,"439","23"
Pratapgarh,"439","414"
Kaushambi,"440","388"
Pratapgarh,"440","51"
Bahraich,"441","111"
Bahraich,"442","420"
Bahraich,"443","422"
Bahraich,"444","424"
Bahraich,"445","373"
Sitapur,"445","24"
Bara Banki,"445","29"
Gonda,"446","31"
Bahraich,"446","259"
Bara Banki,"446","136"
Chitrakoot,"447","104"
Bara Banki,"448","402"
Lucknow,"448","8"
Rae Bareli,"448","20"
Amethi,"448","1"
Bara Banki,"449","6"
Rae Bareli,"449","388"
Amethi,"449","38"
Rae Bareli,"450","403"
Amethi,"450","30"
Rae Bareli,"451","435"
Kaushambi,"452","37"
Fatehpur,"452","148"
Pratapgarh,"452","73"
Rae Bareli,"452","178"
Kaushambi,"453","374"
Fatehpur,"453","57"
Pratapgarh,"453","7"
Chitrakoot,"454","12"
Kaushambi,"454","381"
Fatehpur,"454","46"
Chitrakoot,"455","413"
Kaushambi,"455","9"
Bahraich,"456","154"
Bahraich,"457","404"
Kheri,"457","10"
Bahraich,"458","227"
Sitapur,"458","0"
Kheri,"458","195"
Bahraich,"459","185"
Sitapur,"459","193"
Kheri,"459","44"
Bahraich,"460","108"
Sitapur,"460","317"
Bara Banki,"460","0"
Sitapur,"461","119"
Bara Banki,"461","307"
Bara Banki,"462","428"
Bara Banki,"463","429"
Lucknow,"463","0"
Mainpuri,"464","160"
Kanshiram Nagar,"464","1"
Etah,"464","264"
Mainpuri,"465","426"
Mainpuri,"466","378"
Etawah,"466","50"
Etawah,"467","429"
Etawah,"468","218"
Etawah,"469","17"
Jalaun,"470","57"
Jhansi,"471","0"
Jalaun,"471","211"
Rampur,"472","206"
Moradabad,"472","198"
Rampur,"473","183"
Moradabad,"473","231"
Rampur,"474","331"
Moradabad,"474","73"
Sambhal,"474","11"
Rampur,"475","157"
Bareilly,"475","52"
Sambhal,"475","40"
Budaun,"475","167"
Budaun,"476","418"
Budaun,"477","420"
Kanshiram Nagar,"478","243"
Budaun,"478","179"
Kanshiram Nagar,"479","373"
Etah,"479","50"
Lalitpur,"480","21"
Bijnor,"481","50"
Rampur,"482","2"
Moradabad,"482","48"
Jhansi,"483","143"
Jhansi,"484","328"
Jhansi,"485","149"
Jhansi,"486","1"
Lalitpur,"487","50"
Lalitpur,"488","226"
Lalitpur,"489","414"
Lalitpur,"490","433"
Mainpuri,"491","161"
Firozabad,"491","87"
Etah,"491","177"
Mainpuri,"492","187"
Firozabad,"492","240"
Mainpuri,"493","51"
Firozabad,"493","198"
Etawah,"493","124"
Agra,"493","56"
Etawah,"494","74"
Agra,"494","125"
Moradabad,"495","413"
Rampur,"496","11"
Moradabad,"496","392"
Sambhal,"496","12"
Moradabad,"497","208"
Sambhal,"497","207"
Budaun,"497","2"
Sambhal,"498","92"
Budaun,"498","326"
Budaun,"499","419"
Kanshiram Nagar,"500","224"
Budaun,"500","197"
Kanshiram Nagar,"501","407"
Etah,"501","15"
Kanshiram Nagar,"502","57"
Etah,"502","367"
Bijnor,"503","105"
Moradabad,"504","45"
Bijnor,"504","246"
Moradabad,"505","405"
Bijnor,"505","6"
Jhansi,"506","374"
Jhansi,"507","130"
Lalitpur,"507","54"
Lalitpur,"508","358"
Lalitpur,"509","444"
Lalitpur,"510","445"
Lalitpur,"511","397"
Lalitpur,"512","23"
Shahjahanpur,"513","74"
Budaun,"513","348"
Shahjahanpur,"514","134"
Farrukhabad,"514","218"
Budaun,"514","71"
Etah,"515","24"
Farrukhabad,"515","401"
Mainpuri,"516","159"
Farrukhabad,"516","240"
Kannauj,"516","27"
Mainpuri,"517","301"
Etawah,"517","12"
Kannauj,"517","115"
Etawah,"518","173"
Auraiya,"518","235"
Kannauj,"518","21"
Etawah,"519","94"
Auraiya,"519","337"
Etawah,"520","32"
Jalaun,"520","133"
Auraiya,"520","267"
Rampur,"521","63"
Rampur,"522","309"
Bareilly,"522","98"
Rampur,"523","47"
Bareilly,"523","368"
Bareilly,"524","417"
Bareilly,"525","390"
Budaun,"525","29"
Budaun,"526","420"
Jalaun,"527","434"
Jhansi,"528","19"
Jalaun,"528","417"
Jhansi,"529","379"
Jalaun,"529","58"
Jhansi,"530","439"
Mahoba,"531","1"
Jhansi,"531","439"
Jhansi,"532","237"
Kanshiram Nagar,"533","218"
Farrukhabad,"533","60"
Budaun,"533","144"
Kanshiram Nagar,"534","101"
Etah,"534","222"
Farrukhabad,"534","101"
Mainpuri,"535","263"
Etah,"535","144"
Farrukhabad,"535","19"
Mainpuri,"536","427"
Mainpuri,"537","122"
Etawah,"537","306"
Etawah,"538","430"
Etawah,"539","405"
Auraiya,"539","26"
Etawah,"540","25"
Jalaun,"540","304"
Auraiya,"540","1"
Rampur,"541","120"
Rampur,"542","405"
Rampur,"543","415"
Rampur,"544","243"
Bareilly,"544","173"
Bareilly,"545","379"
Budaun,"545","39"
Bareilly,"546","94"
Budaun,"546","325"
Budaun,"547","421"
Lalitpur,"548","52"
Jhansi,"549","373"
Jalaun,"549","24"
Jhansi,"550","436"
Jhansi,"551","286"
Jhansi,"552","228"
Jhansi,"553","0"
Lalitpur,"554","62"
Lalitpur,"555","217"
Bareilly,"556","67"
Shahjahanpur,"556","105"
Pilibhit,"556","246"
Shahjahanpur,"557","420"
Shahjahanpur,"558","422"
Hardoi,"559","190"
Shahjahanpur,"559","226"
Farrukhabad,"559","7"
Hardoi,"560","258"
Shahjahanpur,"560","47"
Farrukhabad,"560","119"
Hardoi,"561","228"
Farrukhabad,"561","135"
Kannauj,"561","63"
Kannauj,"562","428"
Kanpur Dehat,"563","19"
Auraiya,"563","106"
Kannauj,"563","304"
Bareilly,"564","19"
Pilibhit,"564","230"
Bareilly,"565","6"
Pilibhit,"565","410"
Bareilly,"566","154"
Pilibhit,"566","263"
Kanpur Dehat,"567","39"
Auraiya,"567","393"
Kanpur Dehat,"568","212"
Jalaun,"568","156"
Auraiya,"568","65"
Kanpur Dehat,"569","0"
Jalaun,"569","434"
Jalaun,"570","372"
Hamirpur,"570","64"
Jalaun,"571","14"
Hamirpur,"571","423"
Mahoba,"572","88"
Hamirpur,"572","351"
Mahoba,"573","436"
Mahoba,"574","264"
Bareilly,"575","320"
Shahjahanpur,"575","58"
Budaun,"575","41"
Bareilly,"576","6"
Shahjahanpur,"576","352"
Budaun,"576","62"
Shahjahanpur,"577","422"
Budaun,"577","1"
Shahjahanpur,"578","98"
Farrukhabad,"578","326"
Farrukhabad,"579","425"
Farrukhabad,"580","130"
Kannauj,"580","297"
Auraiya,"581","45"
Kannauj,"581","383"
Auraiya,"582","430"
Rampur,"583","2"
Bareilly,"583","55"
Bareilly,"584","399"
Pilibhit,"584","16"
Bareilly,"585","403"
Pilibhit,"585","13"
Bareilly,"586","418"
Jalaun,"587","434"
Jalaun,"588","435"
Jhansi,"589","48"
Jalaun,"589","356"
Hamirpur,"589","32"
Jhansi,"590","291"
Hamirpur,"590","147"
Mahoba,"591","221"
Jhansi,"591","207"
Hamirpur,"591","11"
Mahoba,"592","141"
Jhansi,"592","81"
Mahoba,"593","12"
Jhansi,"593","6"
Pilibhit,"594","415"
Shahjahanpur,"595","4"
Pilibhit,"595","413"
Shahjahanpur,"596","411"
Pilibhit,"596","7"
Kheri,"597","82"
Shahjahanpur,"597","338"
Hardoi,"598","26"
Kheri,"598","354"
Shahjahanpur,"598","41"
Hardoi,"599","422"
Kheri,"599","0"
Shahjahanpur,"599","1"
Hardoi,"600","425"
Hardoi,"601","426"
Pilibhit,"602","107"
Mahoba,"603","402"
Mahoba,"604","50"
Hardoi,"605","49"
Kannauj,"605","301"
Kanpur Nagar,"605","79"
Kanpur Dehat,"606","226"
Kannauj,"606","30"
Kanpur Nagar,"606","174"
Kanpur Dehat,"607","431"
Kanpur Nagar,"607","1"
Kanpur Dehat,"608","433"
Kanpur Dehat,"609","250"
Jalaun,"609","43"
Kanpur Nagar,"609","97"
Hamirpur,"609","44"
Jalaun,"610","113"
Hamirpur,"610","323"
Hamirpur,"611","437"
Mahoba,"612","309"
Hamirpur,"612","129"
Pilibhit,"613","416"
Shahjahanpur,"614","87"
Pilibhit,"614","331"
Shahjahanpur,"615","298"
Pilibhit,"615","122"
Kheri,"616","4"
Shahjahanpur,"616","417"
Hardoi,"617","108"
Shahjahanpur,"617","314"
Hardoi,"618","424"
Hardoi,"619","425"
Hardoi,"620","318"
Kannauj,"620","109"
Pilibhit,"621","253"
Mahoba,"622","25"
Kanpur Dehat,"623","328"
Auraiya,"623","102"
Kanpur Dehat,"624","432"
Kanpur Dehat,"625","374"
Jalaun,"625","59"
Kanpur Dehat,"626","31"
Jalaun,"626","404"
Jalaun,"627","47"
Hamirpur,"627","389"
Mahoba,"628","22"
Hamirpur,"628","416"
Mahoba,"629","433"
Hamirpur,"629","6"
Mahoba,"630","439"
Azamgarh,"631","1"
Ghazipur,"631","412"
Mau,"631","24"
Mathura,"632","198"
Chandauli,"633","33"
Ghazipur,"633","405"
Chandauli,"634","382"
Ghazipur,"634","32"
Agra,"635","1"
Chandauli,"636","57"
Agra,"637","93"
Chandauli,"638","54"
Agra,"639","2"
Chandauli,"640","30"
Sonbhadra,"640","245"
Sonbhadra,"641","288"
Sonbhadra,"642","171"
Mahrajganj,"643","362"
Gorakhpur,"644","10"
Mahrajganj,"644","416"
Meerut,"645","101"
Baghpat,"645","311"
Ghaziabad,"646","218"
Meerut,"646","8"
Baghpat,"646","188"
Gorakhpur,"647","218"
Mahrajganj,"647","211"
Ghaziabad,"648","230"
Hapur,"648","0"
Gautam Buddha Nagar,"648","149"
Gorakhpur,"649","430"
Gautam Buddha Nagar,"650","183"
Gorakhpur,"651","420"
Deoria,"651","12"
Gautam Buddha Nagar,"652","17"
Gorakhpur,"653","334"
Azamgarh,"653","71"
Deoria,"653","25"
Mau,"653","3"
Gautam Buddha Nagar,"654","9"
Aligarh,"654","19"
Azamgarh,"655","245"
Mau,"655","189"
Mathura,"656","249"
Azamgarh,"657","46"
Ghazipur,"657","2"
Mau,"657","388"
Mathura,"658","363"
Saharanpur,"659","67"
Saharanpur,"660","372"
Saharanpur,"661","406"
Muzaffarnagar,"662","21"
Saharanpur,"662","138"
Samli,"662","248"
Muzaffarnagar,"663","143"
Samli,"663","267"
Mahrajganj,"664","28"
Muzaffarnagar,"665","180"
Samli,"665","29"
Meerut,"665","6"
Baghpat,"665","196"
Varanasi,"666","56"
Chandauli,"666","318"
Ghazipur,"666","66"
Chandauli,"667","435"
Mirzapur,"667","6"
Chandauli,"668","419"
Mirzapur,"668","0"
Chandauli,"669","440"
Sonbhadra,"669","4"
